{
  "productos": [
    {
      "id": 2,
      "nombre": "Practical Cotton Shoes",
      "descripcion": "Sed error et ratione fugit ut sunt. Provident consequatur occaecati rerum nihil totam dolores. Eius natus excepturi debitis. Cum eum error.",
      "precio": "407.00",
      "imagenUrl": "https://source.unsplash.com/1600x900/?product",
      "cantidad": 85120
    },
    {
      "id": 3,
      "nombre": "Ergonomic Rubber Car",
      "descripcion": "Dolores modi voluptatibus in voluptate dolor pariatur. Nisi quia nisi fugiat culpa ut quia doloremque laborum. Accusamus non quia et ut vero iure maiores pariatur architecto. Magnam aut dignissimos eos.",
      "precio": "277.00",
      "imagenUrl": "https://source.unsplash.com/1600x900/?product",
      "cantidad": 16594
    },
    {
      "id": 4,
      "nombre": "Gorgeous Concrete Shoes",
      "descripcion": "Consequatur omnis qui quibusdam qui et natus. Fugit impedit quia itaque sit vitae est.",
      "precio": "267.00",
      "imagenUrl": "https://source.unsplash.com/1600x900/?product",
      "cantidad": 34052
    },
    {
      "id": 5,
      "nombre": "Rustic Steel Ball",
      "descripcion": "Maiores rem voluptatum provident ea quae nihil accusamus. Modi nam sequi officiis voluptatum aut qui sed. Reiciendis cum qui.",
      "precio": "115.00",
      "imagenUrl": "https://source.unsplash.com/1600x900/?product",
      "cantidad": 10725
    },
    {
      "id": 6,
      "nombre": "Practical Steel Ball",
      "descripcion": "Ut iste possimus dolorem unde soluta sed itaque cupiditate iste. Et a nobis consectetur. Molestiae blanditiis molestiae molestias omnis enim ipsa iste. Molestias quisquam necessitatibus dignissimos delectus sit. Voluptates perspiciatis animi non officia aperiam iure.",
      "precio": "165.00",
      "imagenUrl": "https://source.unsplash.com/1600x900/?product",
      "cantidad": 19156
    },
    {
      "id": 7,
      "nombre": "Gorgeous Plastic Ball",
      "descripcion": "Et eos odio sapiente voluptas voluptatum. Enim cumque inventore animi inventore ut animi quidem voluptatum. Qui mollitia eaque voluptatem voluptates modi ipsum voluptas aspernatur. Sapiente nihil odio aut animi molestiae voluptate cum delectus.",
      "precio": "477.00",
      "imagenUrl": "https://source.unsplash.com/1600x900/?product",
      "cantidad": 39184
    },
    {
      "id": 8,
      "nombre": "Rustic Fresh Bacon",
      "descripcion": "Vitae nihil quidem voluptatem nostrum voluptatem ut doloribus explicabo a. Qui dolores quia vitae perspiciatis officiis porro explicabo et distinctio. Sunt totam quia excepturi.",
      "precio": "21.00",
      "imagenUrl": "https://source.unsplash.com/1600x900/?product",
      "cantidad": 14532
    },
    {
      "id": 9,
      "nombre": "Handcrafted Fresh Gloves",
      "descripcion": "Est aliquid dolore vel reprehenderit sunt quia culpa. Maiores perspiciatis ullam. Non qui numquam iure aut animi aut eos sapiente a. Dolorum explicabo nostrum laudantium voluptates. Dicta voluptatem corporis voluptas aut exercitationem et quo et porro.",
      "precio": "1.00",
      "imagenUrl": "https://source.unsplash.com/1600x900/?product",
      "cantidad": 39011
    },
    {
      "id": 10,
      "nombre": "Handcrafted Metal Ball",
      "descripcion": "Omnis ut consequuntur. Laudantium voluptas voluptatem officiis ut. Qui esse aut dicta porro ut culpa. Dolorem corrupti illo excepturi cumque magnam vel fuga dolores ut. Soluta esse autem dolorem enim esse illum debitis rerum repellat. Totam eos error optio in aliquam quam.",
      "precio": "367.00",
      "imagenUrl": "https://source.unsplash.com/1600x900/?product",
      "cantidad": 3210
    },
    {
      "id": 11,
      "nombre": "Generic Soft Pizza",
      "descripcion": "Et repudiandae harum et est velit molestiae sed nisi. Error culpa facere. Aut dolor quos aut.",
      "precio": "763.00",
      "imagenUrl": "https://source.unsplash.com/1600x900/?product",
      "cantidad": 86305
    },
    {
      "id": 12,
      "nombre": "Generic Soft Mouse",
      "descripcion": "Enim enim omnis adipisci perspiciatis qui et. Quis temporibus minus eum ea. Architecto blanditiis consequatur officia quaerat sapiente. Unde fugiat doloribus dignissimos quo. Eos natus voluptate.",
      "precio": "785.00",
      "imagenUrl": "https://source.unsplash.com/1600x900/?product",
      "cantidad": 61308
    },
    {
      "id": 13,
      "nombre": "Handmade Plastic Chips",
      "descripcion": "Ut omnis quo. Et eius nisi labore odit. Quam qui rerum sit rerum laboriosam vel ea et voluptatum.",
      "precio": "619.00",
      "imagenUrl": "https://source.unsplash.com/1600x900/?product",
      "cantidad": 99849
    },
    {
      "id": 14,
      "nombre": "Refined Granite Cheese",
      "descripcion": "Soluta totam expedita minima reiciendis sed vel. Sunt est alias maxime qui rerum non incidunt minima. Tenetur est quia vitae dolor sit.",
      "precio": "208.00",
      "imagenUrl": "https://source.unsplash.com/1600x900/?product",
      "cantidad": 46797
    },
    {
      "id": 15,
      "nombre": "Licensed Soft Cheese",
      "descripcion": "Veniam est aut quia ea facilis similique. Rerum et eum optio. Voluptatum iusto quis tenetur aut mollitia doloremque quis enim.",
      "precio": "229.00",
      "imagenUrl": "https://source.unsplash.com/1600x900/?product",
      "cantidad": 19568
    },
    {
      "id": 16,
      "nombre": "Incredible Soft Cheese",
      "descripcion": "Ut dolores aut accusantium consequatur similique nihil qui. Natus qui est reiciendis aliquid. Omnis similique inventore aperiam eum nemo enim est. Delectus rerum velit alias. Ut architecto recusandae eius illo et.",
      "precio": "813.00",
      "imagenUrl": "https://source.unsplash.com/1600x900/?product",
      "cantidad": 52554
    },
    {
      "id": 17,
      "nombre": "Refined Rubber Pants",
      "descripcion": "Et et numquam voluptatum. Quo cupiditate eligendi cum fugiat deserunt illum et. Et minima porro iste. Facilis expedita ullam enim optio voluptate ipsam velit ex pariatur.",
      "precio": "328.00",
      "imagenUrl": "https://source.unsplash.com/1600x900/?product",
      "cantidad": 49704
    },
    {
      "id": 18,
      "nombre": "Handmade Soft Soap",
      "descripcion": "Quibusdam totam labore tempora neque labore nulla incidunt. Pariatur ut corporis non recusandae voluptates aliquid assumenda eos quas. Et quam amet pariatur est consequatur. Est non qui blanditiis eos quas. Voluptas sit error.",
      "precio": "711.00",
      "imagenUrl": "https://source.unsplash.com/1600x900/?product",
      "cantidad": 98430
    },
    {
      "id": 19,
      "nombre": "Handmade Frozen Shirt",
      "descripcion": "Et nisi est amet illum explicabo pariatur. Et magnam quam occaecati placeat ut ipsum quis. Eveniet explicabo dolor quaerat. Explicabo sit autem sit voluptas doloribus odit aspernatur.",
      "precio": "968.00",
      "imagenUrl": "https://source.unsplash.com/1600x900/?product",
      "cantidad": 16609
    },
    {
      "id": 20,
      "nombre": "Small Wooden Ball",
      "descripcion": "Ipsum eos aliquid architecto earum. Incidunt officiis deleniti unde.",
      "precio": "283.00",
      "imagenUrl": "https://source.unsplash.com/1600x900/?product",
      "cantidad": 24358
    },
    {
      "id": 21,
      "nombre": "Small Soft Gloves",
      "descripcion": "Praesentium veniam quia libero sunt. Aliquid accusantium vitae totam laboriosam nemo qui. Perspiciatis dolore rerum sed dolor recusandae voluptate corporis et. Sint laborum illum consequatur quia et soluta quia.",
      "precio": "8.00",
      "imagenUrl": "https://source.unsplash.com/1600x900/?product",
      "cantidad": 48460
    },
    {
      "id": 22,
      "nombre": "Handcrafted Fresh Shoes",
      "descripcion": "Voluptates rerum omnis magnam vel corrupti recusandae quia. Ex quo dolorem eligendi illo nobis in iusto dignissimos. Ut dolorem expedita. Eveniet fuga cum consectetur eos. Excepturi omnis voluptas nihil velit et dignissimos.",
      "precio": "582.00",
      "imagenUrl": "https://source.unsplash.com/1600x900/?product",
      "cantidad": 50588
    },
    {
      "id": 23,
      "nombre": "Incredible Granite Shoes",
      "descripcion": "Et qui earum consectetur omnis atque vel aspernatur. Sint voluptatem aut velit quisquam accusantium. Et eum accusantium velit saepe ex occaecati.",
      "precio": "712.00",
      "imagenUrl": "https://source.unsplash.com/1600x900/?product",
      "cantidad": 51604
    },
    {
      "id": 24,
      "nombre": "Ergonomic Plastic Keyboard",
      "descripcion": "Porro quam vel blanditiis esse culpa et aliquam vel. Qui reiciendis ut velit laudantium dolorem dolor.",
      "precio": "695.00",
      "imagenUrl": "https://source.unsplash.com/1600x900/?product",
      "cantidad": 46603
    },
    {
      "id": 25,
      "nombre": "Handmade Soft Shoes",
      "descripcion": "Et voluptatibus et sit blanditiis consequatur aspernatur fugit doloremque. Molestiae quia ut beatae.",
      "precio": "320.00",
      "imagenUrl": "https://source.unsplash.com/1600x900/?product",
      "cantidad": 99484
    },
    {
      "id": 26,
      "nombre": "Handcrafted Plastic Sausages",
      "descripcion": "Et unde nam. Amet dolorem nesciunt perspiciatis ad consequatur enim quibusdam nulla.",
      "precio": "976.00",
      "imagenUrl": "https://source.unsplash.com/1600x900/?product",
      "cantidad": 70170
    },
    {
      "id": 27,
      "nombre": "Gorgeous Wooden Sausages",
      "descripcion": "Omnis molestias qui eaque voluptatem consequatur ea eos quisquam. Quis necessitatibus magnam quasi enim possimus. Iure aliquam velit dignissimos aut eveniet minima quasi dolorum. Repellendus sed tenetur veniam quis. Eligendi blanditiis numquam eligendi at quos laborum. Expedita rerum quam eos similique.",
      "precio": "387.00",
      "imagenUrl": "https://source.unsplash.com/1600x900/?product",
      "cantidad": 47130
    },
    {
      "id": 28,
      "nombre": "Practical Rubber Fish",
      "descripcion": "Quis fuga non eaque iste quasi alias aut est autem. Aut quaerat temporibus ut occaecati doloremque sit. Quis a enim delectus. Est aut quis deserunt.",
      "precio": "287.00",
      "imagenUrl": "https://source.unsplash.com/1600x900/?product",
      "cantidad": 50377
    },
    {
      "id": 29,
      "nombre": "Rustic Fresh Towels",
      "descripcion": "Et porro enim voluptas itaque nesciunt quia. Neque dolor facilis nihil error molestias veritatis in laudantium illo. Aut sint culpa. Voluptatibus quaerat nesciunt quia eligendi qui. Dolores saepe doloremque.",
      "precio": "398.00",
      "imagenUrl": "https://source.unsplash.com/1600x900/?product",
      "cantidad": 30932
    },
    {
      "id": 30,
      "nombre": "Unbranded Granite Cheese",
      "descripcion": "Repellat commodi ullam adipisci delectus suscipit qui ipsam. Sed sed unde ullam quas voluptatibus modi quia aliquid. Optio alias voluptate aspernatur labore fugit. Culpa qui unde exercitationem optio incidunt quia eveniet eveniet nisi. Sit ea doloribus aspernatur.",
      "precio": "488.00",
      "imagenUrl": "https://source.unsplash.com/1600x900/?product",
      "cantidad": 71175
    },
    {
      "id": 31,
      "nombre": "Sleek Frozen Pizza",
      "descripcion": "Doloremque aspernatur aut voluptatibus animi perferendis et error odit velit. Cupiditate accusantium aut quis vel voluptatum. Id placeat adipisci. Impedit nisi iure architecto doloremque et ut.",
      "precio": "448.00",
      "imagenUrl": "https://source.unsplash.com/1600x900/?product",
      "cantidad": 73289
    },
    {
      "id": 32,
      "nombre": "Sleek Concrete Pants",
      "descripcion": "Excepturi eaque ad esse quo dolorum tenetur cum itaque qui. Reiciendis expedita deleniti quae rerum ea reiciendis tempora et natus. Perspiciatis optio consequatur.",
      "precio": "306.00",
      "imagenUrl": "https://source.unsplash.com/1600x900/?product",
      "cantidad": 9614
    },
    {
      "id": 33,
      "nombre": "Licensed Fresh Mouse",
      "descripcion": "Dolores error aliquid. Non earum quae. Eveniet saepe unde et culpa eveniet temporibus voluptatem. Perferendis dignissimos eum nisi earum laudantium.",
      "precio": "121.00",
      "imagenUrl": "https://source.unsplash.com/1600x900/?product",
      "cantidad": 21825
    },
    {
      "id": 34,
      "nombre": "Refined Metal Shirt",
      "descripcion": "Omnis perspiciatis possimus aliquam quia doloribus vitae. Et cupiditate qui delectus beatae unde explicabo ullam. Expedita velit sed non ex. In ut vel ut sed voluptas iusto beatae accusantium quisquam. Porro doloribus asperiores.",
      "precio": "601.00",
      "imagenUrl": "https://source.unsplash.com/1600x900/?product",
      "cantidad": 28487
    },
    {
      "id": 35,
      "nombre": "Ergonomic Steel Shirt",
      "descripcion": "Porro soluta modi sapiente consequuntur illum laborum harum cum blanditiis. Dicta autem praesentium sed voluptatem dicta est debitis ipsum nesciunt. Doloribus ullam error rem qui illum aut enim. Sed ab porro earum iste. Culpa dolorum molestias quam. Aut corrupti saepe omnis earum neque voluptas accusamus voluptates.",
      "precio": "212.00",
      "imagenUrl": "https://source.unsplash.com/1600x900/?product",
      "cantidad": 15276
    },
    {
      "id": 36,
      "nombre": "Fantastic Granite Soap",
      "descripcion": "Minima maiores inventore aut non. Quibusdam eum in et. Dolorem non velit non autem quidem. Eius nobis quis.",
      "precio": "998.00",
      "imagenUrl": "https://source.unsplash.com/1600x900/?product",
      "cantidad": 99242
    },
    {
      "id": 37,
      "nombre": "Unbranded Metal Hat",
      "descripcion": "Beatae sit adipisci totam. Sed minima earum consequatur asperiores sed. Libero ut magni pariatur ut molestiae consectetur velit occaecati. Iure molestiae sed.",
      "precio": "82.00",
      "imagenUrl": "https://source.unsplash.com/1600x900/?product",
      "cantidad": 52703
    },
    {
      "id": 38,
      "nombre": "Handcrafted Granite Salad",
      "descripcion": "Sit quas est maxime magnam quia tenetur voluptatem impedit. Tempore qui alias autem et veniam qui. Harum perspiciatis quo est repellat itaque. Soluta omnis accusantium deleniti et.",
      "precio": "255.00",
      "imagenUrl": "https://source.unsplash.com/1600x900/?product",
      "cantidad": 38708
    },
    {
      "id": 39,
      "nombre": "Handcrafted Plastic Towels",
      "descripcion": "Repellendus tenetur id debitis omnis voluptas exercitationem ab dolor. Quaerat qui omnis eum voluptatibus nisi ut perspiciatis voluptates ut. Voluptatem facere cumque. Quasi dolor non nostrum. Est nostrum architecto. Quae quia inventore tempore consequatur cumque laboriosam et ut.",
      "precio": "20.00",
      "imagenUrl": "https://source.unsplash.com/1600x900/?product",
      "cantidad": 9898
    },
    {
      "id": 40,
      "nombre": "Refined Cotton Hat",
      "descripcion": "Deleniti ut sed harum enim asperiores. Ullam ab rerum eos commodi maiores dolorum laudantium culpa. Et nesciunt quasi. Sint autem culpa ipsam et voluptates quia.",
      "precio": "488.00",
      "imagenUrl": "https://source.unsplash.com/1600x900/?product",
      "cantidad": 92338
    },
    {
      "id": 41,
      "nombre": "Rustic Concrete Chips",
      "descripcion": "Pariatur porro voluptates et veniam ut. Ullam expedita ullam aperiam perferendis. Totam culpa assumenda accusantium qui est at odio sed officiis.",
      "precio": "475.00",
      "imagenUrl": "https://source.unsplash.com/1600x900/?product",
      "cantidad": 22623
    },
    {
      "id": 42,
      "nombre": "Awesome Metal Chips",
      "descripcion": "Recusandae voluptas voluptas. Quaerat nihil id quis omnis inventore et rem. Est in optio quaerat sint molestias et esse nulla quidem. Dolore voluptatum et sed aut dolorem deleniti porro non. Maiores delectus veniam.",
      "precio": "304.00",
      "imagenUrl": "https://source.unsplash.com/1600x900/?product",
      "cantidad": 19365
    },
    {
      "id": 43,
      "nombre": "Awesome Fresh Soap",
      "descripcion": "Non dolorem vitae quaerat. Eos soluta voluptatem eum voluptatum quis et. Voluptatem quia cum.",
      "precio": "290.00",
      "imagenUrl": "https://source.unsplash.com/1600x900/?product",
      "cantidad": 95391
    },
    {
      "id": 44,
      "nombre": "Awesome Metal Sausages",
      "descripcion": "Ratione et quo earum et minima cum. Dolorem qui unde commodi rerum aliquam quas ut rem. Hic unde dolore quia tempore animi. Consectetur quis est dolor eveniet. Delectus aspernatur adipisci corrupti est.",
      "precio": "145.00",
      "imagenUrl": "https://source.unsplash.com/1600x900/?product",
      "cantidad": 95059
    },
    {
      "id": 45,
      "nombre": "Sleek Cotton Table",
      "descripcion": "Maiores sit dolor dolorum quidem veritatis libero. Unde maxime veniam.",
      "precio": "206.00",
      "imagenUrl": "https://source.unsplash.com/1600x900/?product",
      "cantidad": 99913
    },
    {
      "id": 46,
      "nombre": "Rustic Concrete Shoes",
      "descripcion": "Id iusto et cum est atque dolorem commodi soluta quisquam. Totam eligendi at occaecati aut aut debitis. Fugiat expedita laborum sed et. Quam rerum alias non dolorem. Sed nam laudantium. Aut soluta nobis mollitia suscipit.",
      "precio": "124.00",
      "imagenUrl": "https://source.unsplash.com/1600x900/?product",
      "cantidad": 27246
    },
    {
      "id": 47,
      "nombre": "Gorgeous Granite Chips",
      "descripcion": "Et molestias doloribus eligendi sed officia a dolorem maxime est. Cum repellendus ea sed eos eos ea maxime. Modi perspiciatis veritatis deserunt quia. Ea totam error. Consequatur ut est nulla. Aut eos sint porro veniam assumenda quod consequatur.",
      "precio": "73.00",
      "imagenUrl": "https://source.unsplash.com/1600x900/?product",
      "cantidad": 82644
    },
    {
      "id": 48,
      "nombre": "Handcrafted Frozen Hat",
      "descripcion": "Nihil et aut ut voluptatem quia non officiis et aut. Excepturi et distinctio iure est autem. Fuga exercitationem sunt et reprehenderit. Rerum est maxime corrupti commodi molestiae nisi qui delectus vel. Quis maxime velit non sint ipsa voluptate et. Non et fuga exercitationem reprehenderit occaecati nemo voluptatem quasi et.",
      "precio": "984.00",
      "imagenUrl": "https://source.unsplash.com/1600x900/?product",
      "cantidad": 42906
    },
    {
      "id": 49,
      "nombre": "Unbranded Plastic Chips",
      "descripcion": "In non eligendi aut. Earum quidem ullam et numquam. Ea debitis dolorem eos unde debitis. Aut dolore sequi atque et.",
      "precio": "119.00",
      "imagenUrl": "https://source.unsplash.com/1600x900/?product",
      "cantidad": 10171
    },
    {
      "id": 50,
      "nombre": "Refined Granite Chicken",
      "descripcion": "Harum voluptatem repellendus quia ut deserunt saepe. Modi molestias qui atque ut. Porro aut veritatis. Optio et architecto quibusdam vel omnis optio. Molestiae quia ad atque minus minus occaecati enim. Exercitationem aut iure at enim et quis maiores repudiandae doloremque.",
      "precio": "158.00",
      "imagenUrl": "https://source.unsplash.com/1600x900/?product",
      "cantidad": 79323
    },
    {
      "nombre": "Prueba Mauricio",
      "descripcion": "Producto de Prueba",
      "precio": "100",
      "cantidad": "350",
      "id": 51
    }
  ]
}